"id","proxy_id"
"eb7d3839","eb7d3839eb332541edccc40f024fc00f"
"9ab5983f","9ab5983f6e3851b222355f7b510ccf17"
"d3ada97e","d3ada97efbc7226ff0b50bc2a0b05851"
"a7187e09","a7187e093380110b8d7044360b7c7fd1"
"eb73a474","eb73a4740272c42784df3a2b726e9a33"
"970312f8","970312f8a38fbdfa443fe4d551203b2a"
"78845be6","78845be68f03cda432ea8dff38011083"
"739810a1","739810a1750d35b2fa20a53a0d85dc9c"
"7bb17ff1","7bb17ff1d3ba3aa8e9e6dba6e1052e54"
"2c4832a4","2c4832a44c01e0d2338a8eee7608b782"
"213f68a9","213f68a9da035160a42eb49766258ca1"
"99f18004","99f180046325004dd14229ead7e90100"
"84fa2cc1","84fa2cc11062d1d64d97d131ffac59fb"
"7ca5b2e4","7ca5b2e4031d38343c41ab0fded33d1d"
"258774c3","258774c3a89d8eb86d71df0cbdf56e7a"
"ba367b13","ba367b13658f414e4d07a23b3d6201f5"
"720a8b63","720a8b6331a069334f16f3971ace0b0c"
"27989847","27989847fe60fdc26998b594a17d7e53"
"015c6a5a","015c6a5a93a643f235cd9167774a9016"
"331aaed7","331aaed783cbad232fb53801aeb50b5b"
"8c2602f0","8c2602f0e872a313b7e7c4b60372e8a9"
"f21028ef","f21028ef8bc07396d59f393166b65e35"
"218a0299","218a02997d53a6b564167a3867076a82"
"57758c5b","57758c5bd2bc8e653dd30d99f18a7076"
"5ec67d6e","5ec67d6e6af306106615852764510b4a"
"c209b076","c209b076b766d12a0b82a40a1d65f7ce"
"87f5ecd3","87f5ecd3b8f292e9fde0c0d65c9964a1"
"a570828b","a570828be42dc7c9518807e97c1a9ba8"
"443b9652","443b9652ec44c38966b67bf09fa5db28"
"dac3e731","dac3e731dc8f1f084390e38ffca0e877"
"6e2f65eb","6e2f65eb33ec6a3c33f642201989eeb1"
"7624950e","7624950e4789b20930fa5d5706134093"
"7e380077","7e380077ecf05c1fdbb38cd26da1319e"
"89ff20d2","89ff20d28464b35bdc9d3fd4b68a1dba"
"9a975854","9a975854590bd275c32206a9dc152200"
"1c8fc19c","1c8fc19c188459da9027acf82c373b38"
"2622daf4","2622daf481fa00fd97630e2364d5af87"
"27dfdd60","27dfdd6059b5ba9395641ccc46c2aced"
"aad979dc","aad979dc5b1055ec6c9d14a8be70be95"
"750e07fa","750e07faf44dab56bb0c4cd61656a5b3"
"d95868ed","d95868ed33c2b690cb81c7bdffd0857e"
"2398f3cd","2398f3cd8221e58e00216cf17d0117eb"
"c9e92eb6","c9e92eb64411ebf79090a88250d394ce"
"b216db35","b216db35f85c7b736e24e50b8e6fca7b"
"324e3710","324e371088f1f3156e2b2d6d208ca5b2"
"107018af","107018af4f2f4b99007c54af53dbe3b2"
"dbd4522b","dbd4522b36f19f7346805dfc338ded86"
"70f8e2fe","70f8e2feff20aaceaa890074bfe90e60"
"9f200bb7","9f200bb771f19e4acd7b1c977f44f10b"
"cba02a80","cba02a80032a6193b11272da8d92ed8c"
"b866484b","b866484becb98f4328d9c6930d953d07"
"aae1212b","aae1212b8e5bb2303a923df8dda5d2b1"
"fe814cc8","fe814cc80f3bf53cdaf093ce6481f16d"
"34fcaf4d","34fcaf4db61dd56452e609ca0cd626bc"
"bfeb92c4","bfeb92c4b89cc996371741ff5cabc083"
"e1a34e50","e1a34e503043094e69512ff64a0e9b46"
"2de9f252","2de9f2525636747e9388c4313caa6967"
"ab242600","ab2426005cdee3c4e1fd55bb56078d09"
"b4600ae4","b4600ae46dfbd7b1127f93a6f397677b"
"58711a8d","58711a8d81ea88fcda00c1a3cc46c63c"
"b464986c","b464986c32e4af0f9ef11ecf7d987c4e"
"06cc6757","06cc67576ee6e9c1ae9476e19084fead"
"cbdb79be","cbdb79becc4e522a80a4e8259cbf0d99"
"42262242","422622427d017f909ed5fcd1202019f1"
"27d6e76e","27d6e76e7a34eaf6debab6db49d747a6"
"d7fcce7f","d7fcce7f4216a8d724f487a4c4aba787"
"fd012c14","fd012c14fd7b7f75b0c8bb1949f89a73"
"a730de0f","a730de0f9400c466e9eeb0bcd8c8ca91"
"58aaa0cf","58aaa0cfd3b6f17b0532e14ac400ce86"
"1de22f4c","1de22f4c0b903e051d8ad6b17584f7f4"
"1be49c23","1be49c23c01f5138d1c2a240ddc00e8d"
"1838ceb1","1838ceb185489a5358826519f7b1dbc7"
"712dbe85","712dbe858a11208a3c947db6f79159d1"
"4db9a8b4","4db9a8b4e3e9dee391bb7676615f9f0c"
"c4ac2c65","c4ac2c65a73d9233167143e94fab7021"
"150dbabf","150dbabf0cbf20fc5d54b1ea6d5ddf97"
"0e21f394","0e21f3948aebcdaecfb9604043b97c44"
"e8d96df5","e8d96df596682abfd14dbc512b674527"
"02ea10cf","02ea10cf75f1f04358928e11d9bb6497"
"9d004869","9d004869585d90f469ea05531fb4bbc8"
"5977f259","5977f25973094ab63a1ed86e7d1e8a43"
"1dd751c8","1dd751c8b656a11c1a4d1d9058a43243"
"4b74a802","4b74a8028dfef468e7affc55bf7e1e39"
"56dc79b6","56dc79b654399fa565224566984bcae2"
"54e59be8","54e59be8f7649e14fa10f35c9cbf7684"
"6bfa0e2d","6bfa0e2ddfecde069504060a74b44f18"
"8e07f521","8e07f521e4874bea23735020eea7b7ee"
"a88a3982","a88a3982075348b7f3c7190cfeef2f79"
"efbe7f31","efbe7f31b1723c13ccf39b4a73fec6c1"
"c7d3c796","c7d3c796b426910617a1f399e80a9243"
"3c92a80d","3c92a80df47389d84d1f32b4ae0f2ee8"
"2100b178","2100b1788c4be9b476501ef4118d0c73"
"824672c2","824672c296ed6ee1cd55945a508ecc64"
"d66cc53f","d66cc53fb47fbf2a99a1c62e932170a3"
"ac1a15c9","ac1a15c90f4127656de662788f376911"
"eb0dad98","eb0dad98d558f3f4682da712b36580e0"
"1fa34b30","1fa34b30d5254c94b746974ace291d1c"
"4feb2b44","4feb2b447f6b2f81c6e0b8c6d68ac05a"
"129c288b","129c288bb04f728e7b7d7162ea9c68f4"
"dcba454c","dcba454c0935de74818036d5aab2625f"
"9c6ea5bd","9c6ea5bdc0f4db4f5d56620685d8b854"
"a2fa96dc","a2fa96dc968e6b351aaab8f5115a6034"
"f5460f3e","f5460f3e5f48ddfb408d0b6047a76044"
"2d17efaa","2d17efaa4043e957018cb908d0440a99"
"9fc31a7c","9fc31a7cc3df1db99d3135311b38e9dc"
"d4a441d1","d4a441d1cf17b3947815fa156fe42348"
"c5783e4b","c5783e4bdedc884c137139fb5f78c84a"
"0fa2ce20","0fa2ce204f510e3efa65557c9987aba8"
"b9d1aa86","b9d1aa865d0227b248d6a81c11953999"
"b46625ef","b46625ef6eeb269c457c1aaa806b0831"
"e66790a0","e66790a04f1cc2793f30a5874fd4985c"
"9b797aa8","9b797aa8db2dd91c1740c5d2ab33d8da"
"5554fcfa","5554fcfaf2aaddd376fc9526ebc30a27"
"9115511f","9115511f1907157e2c6a32ded133ba90"
"fa7ced28","fa7ced2834aedd336ab93788036a9220"
"9d462361","9d462361f738b41b000a29d91af5f601"
"8c6757c5","8c6757c53b7102bcc335499b01971bf2"
"eb315f9c","eb315f9c1cf0732e5b5daf2ef1a269ab"
"48ece04a","48ece04ad56aca97633268b2773e3e06"
"033e5230","033e523004fc0ecd5f73255259e0d613"
"963cd4e3","963cd4e3630b15f7a71e321b459918fd"
"61baee02","61baee0271419b8a16aa6bcd8bc9b753"
"41b945f6","41b945f62c0f156700ab65ea0fd279fd"
"34071c5b","34071c5ba567f4f04728ffaa08ed23e9"
"c4ff478e","c4ff478ebb11a054a1f78ed1eb49c78f"
"06526c64","06526c64be13441519f34b6c3caeed84"
"6e0ae09e","6e0ae09ed39e380b2e4aff40331d66d0"
"8073264d","8073264db3292f2cbbf3035912b9d8a6"
"50690f5d","50690f5dd05c4c01f909094178eed549"
"0b7643c8","0b7643c831b2daebfb6178c896a541dc"
"c3328c5c","c3328c5c553a11c3ffe7cd1f71e1f042"
"4601f80d","4601f80dba91472dad158bd62bdcb7cc"
"e3a41364","e3a4136484589b7db4bac1cd2e47d093"
"39febe6f","39febe6fc7a7ffee6f6ba092bce600e6"
"acd37fe8","acd37fe84a6c5dfbe388bb93933533cc"
"3bf704e2","3bf704e23a6c0677e5fc73ccf969ba0f"
"31ea54b9","31ea54b9d3780001af29340559e28fc7"
"bbefb5de","bbefb5de1c64016a6eae5528788d9207"
"47d7c562","47d7c562861dcd896125d4bb55d4344a"
"88da97aa","88da97aab167fc49ac7758957e2e3be9"
"5bb0b435","5bb0b435dde5e5ed3fb2b87cce14445c"
"b16f16f0","b16f16f0483c725e0e97d24a977c2baf"
"ed1f5bb1","ed1f5bb1e3f5f443c246a9782afdabee"
"dd220bbb","dd220bbb57b766e080c4823db2946455"
"4458eb7c","4458eb7c4f3db5bbf1c30e0f980d8e5b"
"69f8c438","69f8c4383adb3001c9bfc0b95f32cabf"
"18fd92e7","18fd92e750a517d029d815f736f140eb"
"6321e7d1","6321e7d1e7298a08416f1c56766e4488"
"bf3934ab","bf3934abf773f6297cff1d956e0869c0"
"9f27a4b0","9f27a4b0e32aea399a2c6715e71d8ce4"
"676539ab","676539ab11560ba1f23f4bd83af7773a"
"8e36417c","8e36417c57d90df2d7b6a83dcf3ab1d7"
"4de9c6ce","4de9c6cef63b4da7ae88c4fc0ff93c85"
"ea85122c","ea85122cc35f61e460bb4f001e69145d"
"c44f37e9","c44f37e9bd38242c05b4b92d5ba3e548"
"8c6bf347","8c6bf347a910c5a90ba0bfa30af7176b"
"d79a07b8","d79a07b874213b0bebf82d8f5e3b46ce"
"84d0f129","84d0f129b5e4d21e4277d3ea02cb4803"
"68b3f486","68b3f486eb154788a8f2a0479d33f297"
"f4309356","f4309356c331380fabca808bc290dff1"
"e3b840a3","e3b840a33ec4e56d42fdcb02b94640fb"
"78d217f9","78d217f9dd5ad8268fc3c826b7bc419e"
"8fa0d0fc","8fa0d0fccb7a7d439689367788f16cb3"
"6f22986f","6f22986f1b9d6b1cbb31787c45227c3e"
"e33a208e","e33a208ef878b7fb3d4a1111eb99ed76"
"e456f118","e456f118ac63865fb39f6e42e29817f1"
"bad84380","bad843807ed1d1be5b206e49496a63ec"
"86f9eafd","86f9eafd6d8b4d2022f0b055f8b6a51a"
"a42e495e","a42e495e99b7506bf9827bf6d2f38d75"
"2b727e1a","2b727e1ae100d67faeb2610cf8e1e7a5"
"a48bd135","a48bd135e9bbbb28177d7ba8a38d2886"
"88a4acbe","88a4acbefa47784effbee721694fbd08"
"f1d1a980","f1d1a9800a59cb525d3fd3128a61c573"
"fc50b95e","fc50b95eed57daae32636534e764a01f"
"b95fffb2","b95fffb23104c0adaebf7fc8d286286f"
"a8f6c399","a8f6c3993830a2d8bd35077184fb7af2"
"f26d7bd2","f26d7bd2a86b0ec11df1128f9d70834f"
"cc1689f0","cc1689f0cbba7f605f901cef330547f5"
"069fc0dd","069fc0dd0776eb21b66000aab39d9681"
"81d3c719","81d3c719f45fefde976bb0269c8b0fd5"
"d0dd3fb6","d0dd3fb637793d52021d986bce0c9b9f"
"8f940bc0","8f940bc0970456e570e9d7ccb06bea5e"
"cd71c0b8","cd71c0b8bffb4514f92f3481cf19fa4d"
"0f191cec","0f191cec234cffd0b838caff5524b4bb"
"1bb210f2","1bb210f2ef8404cd0d6bfb92c6cdad6e"
"0923df6e","0923df6e1ae13fcf9cc9a1a7ed8794dd"
"c83b6dde","c83b6dde022d681e55df5121e9751cca"
"152d1e6b","152d1e6bb5913bd9a7817a66e7010f71"
"df7efc4b","df7efc4b80587b67348ca41a97234c5b"
"1c2ca18e","1c2ca18ebc40c2659e086da6a12b95a7"
"a33a603e","a33a603ec7c75262221fe832b0b861ca"
"a6f05af2","a6f05af29068506e8fda8c9bdb05f3f3"
"a14739ca","a14739ca5fcd9181ee0b31f6a0805ce8"
"e65c25c8","e65c25c8dee0e8f8b11efb138e2b6999"
"1a55fc8e","1a55fc8ebfc4bb9f9ce02d4c19383be2"
"91ebd4de","91ebd4de8e1dc97f0a2fae51fa854cc8"
"7dc9798f","7dc9798f9e5c6775232691a32a101118"
"9f412ccc","9f412cccf408ca2199a542ee08744340"
"1cde5a91","1cde5a9155d343445a4526b9a748e24a"
"e2780cd3","e2780cd34eeb42b87a4d1cf1f388868b"
"477a1df7","477a1df7ca697e1b9360e31de1b7f6d5"
"b8f16525","b8f1652509df1caaa651c595afe3ad3a"
"a10a3da4","a10a3da4cdcaa3851248d8204d57f878"
"75275776","752757768d3305c451be84513fec5f01"
"a38e2d84","a38e2d84ea8f5ca2be8209d4c7effd5b"
"3126ab36","3126ab366adfca43c03b2c07b046ef2c"
"d4c6399d","d4c6399dd80682f5418ace8687d7c0d2"
"73e64ba2","73e64ba20e3cb7bf73e75cb964eaae96"
"ac1e7c59","ac1e7c5903a445072f90d78812a12cbc"
"911659f6","911659f663043ca286e8417489c79d1a"
"cd5f329a","cd5f329a559a50a46eec4952d97f1727"
"f3698bb3","f3698bb3667c85c2f65504c3e069760e"
"e286cffc","e286cffc0ebdcd155c9e19c116f454ec"
"d8194049","d81940490dd169823dcac1392da7d662"
"71317a69","71317a69bc7102d6b7eeaf8660cf6930"
"87db6ee9","87db6ee9198509df5204df12267ae5c8"
"c1e94dd0","c1e94dd0e27d24288f1b62ad9b243bd2"
"b3066bbc","b3066bbc60defb5627b4501d3f00f1bf"
"c8497694","c8497694d98d7b0b8a43bbc2228be1ad"
"8cfe13e4","8cfe13e457e077913bb96512e6d792d7"
"b76bad4d","b76bad4d1c93e63c2733be5caa70027c"
"d8d300d3","d8d300d316baf22fca397a52a5e23702"
"27c18ae8","27c18ae86ae02491342121a0d27b9239"
"69254e55","69254e550f3b860c009c5cd3b2843363"
"44d86fc1","44d86fc10781e22005b5ab411a3114f8"
"a1c9c46f","a1c9c46f2635b1cd36f1803a8b9db6a3"
"7e8345e6","7e8345e66fd597e601850ef4f8e9b8e8"
"88293fd1","88293fd115d1344c61b5a5de1cf2c6f1"
"b274a667","b274a667d6bf1738e7b063974554bafd"
"a9b93e57","a9b93e574729d50a43d87237bd507255"
"0695e4d6","0695e4d63a37c39f2453ec6ed36736d5"
"72b09a09","72b09a09c6e0edb19b4ee0d84ab50d13"
"3f974ff8","3f974ff8aaf89561c2a82ed345387beb"
"0aac311b","0aac311b8da1a97291952695a85811fe"
"0472ffb6","0472ffb625529e9b24f739cc53fe0925"
"faf18e19","faf18e195e3a13049402d96ead879fdc"
"ba4cbc3a","ba4cbc3afd414a62d953afb95eeaab10"
"eb49f8c1","eb49f8c112f1b5604e7b742416355817"
"82df76e2","82df76e24ef394c257bbc2ced889b088"
"089bbf03","089bbf03faca160e29b3fd21bd1815ae"
"12f51008","12f51008fd3067c7e80fb3d687ccf77b"
"ab1ef215","ab1ef215ffe1c14d51c788c0fd6b5355"
"5c73df85","5c73df85843506685db81b7d037aa455"
"b18a0838","b18a083866e3ee88ddaa3c8258b08b8f"
"905a6ca8","905a6ca8d5eaa7ec494c589e4b4e2fea"
"a227f389","a227f38987eb4eb2debaf5293ed7f1d7"
"7bc0e06a","7bc0e06a8b8104f0528be3e30df77030"
"309cd67c","309cd67ca5ab62a6ebcf9222cd70e004"
"61682820","6168282083f655180e1262cdec8b6973"
"b594718b","b594718b6f28efdebeb35964f06fa890"
"5eaab761","5eaab761f35bf46cc16488d5835d32eb"
"387c4857","387c48578da321ad7993fe05d1cf4d50"
"9c2133a2","9c2133a27ae265cb8374f8df7708d4ab"
"58f218db","58f218db525331e1d7f0705c00acd571"
"2a92092a","2a92092ab66d833814924bee07316c74"
"8f5946e0","8f5946e015df261076e2b90afd0c2647"
"477ee197","477ee19723a23d4c0e590405e3264963"
"729e7e0f","729e7e0f34076c3e501de46d9ba892d3"
"2e632502","2e63250238cac81dab287879d661bc00"
"05631212","056312123b3d920f3c585a6a592b67a4"
"907d160c","907d160c54e2f8e1f56aa362d19d3e0c"
"21847ece","21847ece3cc89695d3e2ffbfb3599335"
"b5f05827","b5f05827ffc6a614dcd633f4f1e20ba7"
"108fa4fc","108fa4fcaa0b008d28032d482cc331f5"
"5d5af657","5d5af657b4eec0e4e5af6dc3c53e37a0"
"bebfa80e","bebfa80ef63d3c0dd9da5ba305b78ac5"
"0864b8f9","0864b8f988199940a9c1ab9d525564bb"
"a4a45496","a4a45496315443f0e94e9d9f1f4de759"
"6632a2bb","6632a2bbf3a8ffbb6ac90d58bec3f4b3"
"b3a54e5a","b3a54e5a8d671cd908b540596965e5dd"
"b8f0e30c","b8f0e30c7891b226e3b594d14131446c"
"5201c01e","5201c01eda6e533ee42789072ba88010"
"ed55d42f","ed55d42fff250a84322dae9ff55edfb3"
"a32de986","a32de986da14899ed7919d81aa37c528"
"11b602a7","11b602a78303d578a5f880353c1d6e46"
"14d46395","14d463955e8e20c12410ce26e9782228"
"0ade437e","0ade437e56bd7b8852637d15ec50332f"
"137e97d4","137e97d46cf039c5ca653623d17dc125"
"dbb0a28a","dbb0a28a33306b83bf4350dc22fb070b"
"55252e31","55252e316188c0d9b4b90b074ce0fb92"
"b25a3eca","b25a3eca92ae0c15d9c7874b7e756b57"
"906e32e2","906e32e271fbc47c81278040804d26d5"
"4e30bcb5","4e30bcb54bcd90fc0b833a0470e8b410"
"6b14d00c","6b14d00ce375379c2a9a99f9efef14e9"
"051f4e0a","051f4e0aa862891070c711886721a663"
"173e3f21","173e3f21742eb37b7938a1e508104d72"
"443dc8b1","443dc8b1730e73c6e8e0104c78496903"
"3a0221e3","3a0221e30d23958952c2c155dd59118c"
"261581e6","261581e6fb6d2b9a7140f1d50562548b"
"bfc69b42","bfc69b42981d636a021e8d426cd3eb6e"
"0962078f","0962078fbc7af28add2ec42aa7a82b73"
"74d8c419","74d8c4191fe3ae7fc7d64bf18fcd5b14"
"8c69bd0a","8c69bd0ae8c041c427c7f681bb2be66f"
"5b84a252","5b84a25286a4c9a6319bc9cde65b7780"
"99c53fb8","99c53fb85c8b6bccce35676f1072b315"
"29c3b058","29c3b058c81ae6c833db08793fcb9da4"
"0c55123f","0c55123ff1830ac8348a078855d595eb"
"e18aefde","e18aefde40490b67e5c9ecae36afead4"
"2b8640a8","2b8640a87a2362b2013e2e9d4c2ba251"
"158839b4","158839b4b409e649d954552751926046"
"911eca78","911eca7878759816f5e0e0163ec415b4"
"10e35c5e","10e35c5efd14f775fbfee59068fe9ba9"
"3319052b","3319052b621993e79ab4266a72ff2b80"
"0711af21","0711af218cf9c251521212d678b1d7b3"
"73feb1ba","73feb1baaf0aeeb845df7006603fa95d"
"3f8b1964","3f8b19640b77d17bf958fd2a8483a00c"
"c92ead74","c92ead74a07af93f6043343a33ef0d2d"
"83eac6d8","83eac6d830ac4913c42bd3938dd227e0"
"02cb1075","02cb1075e3e12da1bb3dfb85ad06adaa"
"31e32337","31e323378c1f2edd5d7350181298de14"
"1fa4219a","1fa4219a91f89bcda863a404466c7c4c"
"47a20356","47a20356fe26ea7e87e77da7732e4a91"
"e435b8fc","e435b8fcda21584e4a5c981fcd437a13"
"045d43ad","045d43add27c75549b5f1bd6683fef6a"
"6ae0f2c1","6ae0f2c15078589570885e515ac4ddb2"
"c76e9620","c76e9620e61b91e2de5d8139c155e3d9"
"7142c350","7142c350061a2861d0ae15f93a28652e"
"16eedb4b","16eedb4bd82ff0cbcaa5d52ea523aafb"
"0c2cc2e0","0c2cc2e0c8a5b11b053ff97eb5eaeba8"
"7ea658a6","7ea658a6b5eda8ac73d42fc9f9ad572f"
"8b811681","8b8116811a040ae63a035a951e09672a"
"55feb442","55feb4421b216d911be95262fe57a8f6"
"ebcabede","ebcabedee96a3f277d9c0742e4735acc"
"44e94990","44e9499063f425480c37d57437b6d2a4"
"bfaff2a4","bfaff2a4229de2957327f2d13154a93f"
"6f3707d4","6f3707d4792865a11ee1b3ea9552875b"
"3f10738a","3f10738a791ec69fb22271da02becbd8"
"95cd6491","95cd6491f7b3f23e424ca5a57d5f040d"
"29ac94a1","29ac94a1b18ec00e8c248afdc788e36c"
"53994913","539949134d9cd93476b31b8376d72091"
"84b3d75f","84b3d75ffc93dfb7620cc4726de0026f"
"f92081df","f92081df267197d9bc124f98be11ddc3"
"b04e4544","b04e4544f3fc3f19dd1c7962dba1e300"
"eb9f500a","eb9f500ae1a3748d71dfa886890d0b70"
"5926826a","5926826ad00057e8fc148803dbfa4512"
"46576a1b","46576a1bf4f0220abffa3bb03715ba82"
"8b5bfd6b","8b5bfd6b895467e0dde69eabd2fb9acc"
"cc36f3ec","cc36f3ecf339652da9702050510a3705"
"574cbca6","574cbca6cf5e8d91e81a7db548b5b11f"
"07cbe95e","07cbe95efe95519cc3c14042cad8d473"
"109743a8","109743a82e1a59d9a0c3bfae0601c82d"
"c4eb7054","c4eb70541eec1af62ccc69a9854d8fc2"
"313314ac","313314ac1552c84e74fb1c86afd298a7"
"863c2861","863c286169248fb3970beb1fa1fb4f6f"
"fa090522","fa09052298d52ae3626e1cf174e46e7d"
"0977fd09","0977fd09d819677feac6b4ad8f2f93da"
"c9744db8","c9744db85349ba5098b95b6e6895c06a"
"98911c96","98911c96260a24e458800588d5b542b7"
"5badec11","5badec116e83bf8e31095eb34b52bf92"
"4c8d889a","4c8d889abf0550936e283d261522128a"
"f2cfa586","f2cfa5860442d34e4bf0459ace017c56"
"73c7971a","73c7971a8e02c9d69f17f483128ac681"
"cccde842","cccde8420536ae1d4e494c8885fbe16d"
"eb0f7afe","eb0f7afe8b28a1268016b288f45a239f"
"bc58b8d7","bc58b8d70b617c112012769cfaf804ed"
"9692322f","9692322f6492793488fcffa488ec166b"
"d34df9a4","d34df9a4ed6a6348e07bd497e884e18a"
"7d04ba3f","7d04ba3f3d86625b4bfa64293b9d53d7"
"f16861e4","f16861e4d907fa90c993a276bb9bc8b6"
"1b6aca81","1b6aca8148a748ac8f889714b53c198a"
"bf558ed0","bf558ed059469bd3985988104e23bb20"
"da0c4f08","da0c4f08e54a501c08eba871453d2395"
"5508309f","5508309f75ede9808c4754144d1dd0b8"
"1ef680c2","1ef680c22586127a369d4402cd7fdae1"
"0e6e6502","0e6e6502799908d3b2777c3f08e57092"
"753c6295","753c6295769829df40e12125710b195d"
"03a82fcf","03a82fcfe07cc78b94b6ef44337192f4"
"2df5f95e","2df5f95ea80d432ca264e624dc76a1bb"
"71605228","71605228ed91e2933498820170ddc341"
"f79110e3","f79110e32bce4ae61f8b7a657c9eceda"
"fec5615e","fec5615eca3d2479376546858fec3251"
"577d8bcd","577d8bcd39268073235e5ee524cd38f8"
"c311b9d1","c311b9d1dc53f2aaa0f1b92bc98b40dd"
"767ec857","767ec8574a3112c865ee8f1315ad81e4"
"b359d3ce","b359d3ce2abce938240f28e7d1a45412"
"87600020","8760002011e76693f3dc8328c9ff3321"
"dcf40478","dcf40478c0bf1a3cab16fed2eef4e1d9"
"4d24587e","4d24587e019c9167e01804f7b0cef574"
"968dbbce","968dbbce40150ddf43e6911b283d7d87"
"dc2e8096","dc2e8096761182dc64bc40a94cad470c"
"20e82671","20e8267167e4d70dbeaa47f06a6db9c5"
"4785c1b2","4785c1b26d61c08e3ea3d00cb7bf31ee"
"3be9efed","3be9efed827e144ff491008b0fa68c2c"
"99546402","99546402a1886ab8f31bb9e1419ea252"
"8f8014f7","8f8014f70c1f034853ddc7bbec072ec4"
"b661a7b6","b661a7b631e901ead7d5d6b8266e0548"
"32b6cd9c","32b6cd9c17e08bc5236436cc8807b611"
"489b9ed9","489b9ed96e7330ce7b68d039227b661b"
"1f33801a","1f33801aff62ec995de45c235ed014f0"
"30640b7c","30640b7cf49fb1faf838cd6277eb6e41"
"e5d724ab","e5d724ab1831b005fcba3ff586731fe6"
"ed2231c2","ed2231c231e56e303851879f574a64d4"
"851860be","851860bede60feba76385342d2386657"
"677ac49e","677ac49e2cb2526dfb42a142f8e9e78b"
"f1401ff8","f1401ff8df02347d895122fbe2f1f0e9"
"41e51c69","41e51c6903826ea353bfe57d25fa5a0a"
"7ebfa2d2","7ebfa2d278507e1899d4a70f65181796"
"aa4b901b","aa4b901b3b4e4d53e70f3f113a498a36"
"e7f1f270","e7f1f2700c9d017054c90e6d782b0c30"
"342b3d66","342b3d66863f2176fc18404e1adbfce4"
"f9166405","f91664059e3860c6df1f26c3bd36181a"
"f0a502a0","f0a502a0eb82dca553469869855cf889"
"f2921316","f2921316e28f009f2bb84af0688e6eb8"
"bdb22abd","bdb22abd583a1a1562f3e7591c70437a"
"c65680a7","c65680a74f2abe441a4aa8249b875332"
"245c0d1e","245c0d1e560943e03479a5f671df04a1"
"b9ef286b","b9ef286b86f3e2c1990aa1ee51bb78f1"
"3b2749c8","3b2749c85c5e66994eb95929c659fef5"
"829cda2e","829cda2e7807be26d9a2466b945581a0"
"d3b81637","d3b8163717d146fc5307608a54340849"
"023de191","023de191803ce71b2a136a879facec7d"
"83f67413","83f6741339fe9686b5bebd651a101bbb"
"68af661b","68af661bd4e657ad5d2153f6d94adaad"
"7f918405","7f918405037009bc67c5f826db11f670"
"e37672d6","e37672d6ba0fc3e6d2f13201a41bb7f2"
"73e3a140","73e3a140efbb41b83fb4ea6435fd2b9a"
"8a74f005","8a74f00502bbd960ed2146823792cb34"
"654e8904","654e8904ccf5f60dc35cef3297fba4b4"
"b7e40234","b7e402343dd7549d6c4b2d548d06b9a9"
"bef43f15","bef43f15bf29eee4657a7d9824ca3009"
"1ab661a3","1ab661a33401b41afaeb83461f00df04"
"78e5f1f1","78e5f1f11ffd6f53dbfe02a34173e881"
"43b73491","43b7349180be75b738336394e3f51272"
"9fbe8bd9","9fbe8bd9ecf4e4d609721661b5e8d9dc"
"cb3850ba","cb3850ba27177246500623d5da5573d2"
"60f8d3c7","60f8d3c7fea6e6664ed0a251fdef30d9"
"e7e096df","e7e096df4ecefa012420574e93729d50"
"e7338836","e73388366a31980e07f04bb910f670f0"
"e09c92a9","e09c92a91e03defd9ea636e460bd4f58"
"730cd750","730cd750c9f50e585f410ea31a902203"
"3d66a0f7","3d66a0f78705fd3149ffad8449102b9b"
"2d79360f","2d79360f5710fa230b0b727b82b8a290"
"bcc80bae","bcc80baedf3b1f0c6edb89c48af6e99b"
"e1fe0400","e1fe04001fbd1276aeceec29762d9434"
"9750bfa0","9750bfa0f7766e2f4047798df3322731"
"a2437157","a2437157914f4e69292424fdee9b0680"
"921ae3c6","921ae3c66c2f39997918d5d0c49c514b"
"c9fc571a","c9fc571aa5794df906216ebdfbef8a93"
"fb5c4575","fb5c4575757a14ba7d5d8d7d583cebbb"
"07f5a76b","07f5a76bf6fe4f6054dce9c4527cb65e"
"307e6fe8","307e6fe88f465fc8a3ea6ff9433c460e"
"1f938be4","1f938be48b64e31a8ebce11b178b9fec"
"90c653ae","90c653aef69bd40a236cc07fdc9e5342"
"849c9573","849c95733d8ce71958efa208feb2e316"
"647d9b16","647d9b16e68de5fb603b7e209b180761"
"d2a79295","d2a79295ab171079ca0c61fb71fcfb98"
"d729187f","d729187f4d6ffed95c17ff76fbeb0d6c"
"0475a033","0475a0334d73b599d7b9b49586572e91"
"89571425","89571425eeaa4bb57e946e1a0b0dd281"
"a0971f07","a0971f0751004b3ee435ffc0afd0228b"
"4b9eaa9a","4b9eaa9a865c0781b954f680f10b3af5"
"5699ad96","5699ad964cc50e7225363d641518909c"
"96c607b8","96c607b86842155b7bf29f2811a49885"
"02fba24a","02fba24a289eda2ea7d7983c89cb2b83"
"557903e4","557903e4c8f387a67b7b290304cca325"
"034447c4","034447c4bcdf27659f927545f287cac6"
"ecd4afce","ecd4afcec7bd9cc3ea8c41b530aea49a"
"1a4e43ad","1a4e43ad75acdb1937de977fe28d97ad"
"8d4ff2bc","8d4ff2bcda8197480e8ea4d7f990b684"
"73082fc8","73082fc865872d6bf633ab5ca2303e88"
"cd6b8c1a","cd6b8c1aacc75cb2a9f0b6ecddf1974e"
"3969b0b9","3969b0b9c1b4573fe1a13326565946d8"
"f7e32eab","f7e32eab73a3c7264ccc7fca43dabdc4"
"8a1f3c79","8a1f3c7980dca6694e08dd6e8a857b7d"
"0daf508d","0daf508d58a83ae9868939dfa3ca18f9"
"0b248c89","0b248c897bc5d2a71b398364d9d842f2"
"9f0f7c78","9f0f7c78a46292f30f2711b48d222c62"
"7a51a438","7a51a438e3910d2cbef0581c73945c50"
"6a006c1f","6a006c1fdc7499f260861b33cd206c1b"
"68fde593","68fde5935bfd36ca1fe1d36747a791ca"
"2b45ac42","2b45ac4263fac59ca0dd4517d625f3de"
"77d64a9c","77d64a9c1cb3399466efd37ed4bb9bf9"
"8ddd883e","8ddd883e4156b3728e08c3d7a5314026"
"9d5b612a","9d5b612a40b835148b9da1d057501b05"
"b64b7058","b64b7058d42b2cc782482dffcd62d194"
"19a123ff","19a123ff698c71f11fa5325205d24678"
"d252d45d","d252d45d3465ca7b040ecacf873281fd"
"6706aff1","6706aff14f02d55fbb7b60a18a08b455"
"63dfdf61","63dfdf61e487bd6dda4f825ba35d8889"
"d0dc2fda","d0dc2fda4b0417afc39cc94d1b41f2b0"
"f97f4ff8","f97f4ff87ad5ea06e2cf8f852342fef0"
"75be8f13","75be8f1318394da1fc673740b701b046"
"efeaade3","efeaade309dc825d4426e0f9545aef95"
"e97418e5","e97418e51c58a099f95832bac6fd2e22"
"99cdabac","99cdabacc0a9d8fdffe51baa1110e343"
"9696384c","9696384cc818e4b385fe4a506401b4c9"
"e1109e51","e1109e51ace5ac262603748e2a58d058"
"b084fa40","b084fa40e5092f57b27274a918ccfa89"
"81585157","81585157053e0b3ff5497b8d019bc100"
"6cd5aa5c","6cd5aa5c0a1fb0c845e811db764a0344"
"0bb97d8b","0bb97d8bc1160f7c2d1d96ea9713476e"
"48a40f08","48a40f080babe9bcf41766df9c7fcd89"
"c2433c13","c2433c13e7590ca38ecf00116263985d"
"333b4a97","333b4a974a832a2e53abdc5eb7651a89"
"dd2a106b","dd2a106b3aed97f81f2a682044070546"
"0c72f18f","0c72f18f7af41263f7928a6f113a9ea5"
"900874b5","900874b505648541cf6866f36b705e45"
"e1e9f138","e1e9f138ab956e44a7fbecee58d36c18"
"b7d0acee","b7d0aceeca9df8e516a053ee0c2933c2"
"d0aff0e2","d0aff0e2f44ea8421bbe7e1e2dae1034"
"9e6d4099","9e6d4099c98293e021e40e5d442599a9"
"7cc09191","7cc0919143d2087ebbc0172f7bbc504f"
"17a95a81","17a95a81862421d080edb6e4d42b5761"
"6a697701","6a69770183514a7a85251973b51b325e"
"51483de1","51483de1537f0202c2d2cb20722a0789"
"8d53cc1c","8d53cc1ce0e0ee093073258a4f5dd4db"
"270d361f","270d361f477289c5421cb21339ab0f23"
"d0a7c7d4","d0a7c7d496ac2e7e949a636f8b90a657"
"a3c705da","a3c705da258f6fe5396f4b343678430e"
"19b459f0","19b459f03e0bd676aabb1ab515b50500"
"652e01d8","652e01d8ad887224ccf7564fe0b3933b"
"83e3b6a0","83e3b6a0d3d0d4c0b2d4d6de0b061143"
"3ffaf683","3ffaf683cb5164d35b92204a24b76f1a"
"d9e3cb1b","d9e3cb1b1b84bab9cab94ff57eab702a"
"70fc45ff","70fc45ff88c07073086947aa89980d59"
"5615cbd3","5615cbd3e05c78266354dc842823ee36"
"0d8462c1","0d8462c1d20af4c182cb5b0c150d64e8"
"1fad2d56","1fad2d567179ab3de5e53f1dc0af777f"
"b314b6ef","b314b6ef82377589b3a56b53af58e81f"
"bcb45966","bcb45966e350fb3356969f587fcb8d76"
"f8792d8f","f8792d8f2c96f7a90e68316e3a2a2a99"
"9467cb2e","9467cb2e9e95bfdb0db9f75200596fa5"
"d4da7760","d4da776069e8ddd07e4d310fd2765d1f"
"ed5da2cc","ed5da2ccb2f6b165b14a2346b1b03a28"
"3722a6a0","3722a6a0d29b1a6b1e1569a002098d0b"
"9eecb12d","9eecb12d981652b72c5145189ea8c668"
"e0bc0b72","e0bc0b72c021c4b2f6e5126646d16041"
"81937fc5","81937fc52098ef0c982fb7dd6ddd652a"
"395a658e","395a658e30c0f04611b7f2ac2bfcdc6f"
"25e7519c","25e7519c630519d471e19703cb1e7c59"
"2d15e633","2d15e633bb0852ceb62b6726dd87f1e9"
"b739c238","b739c238d798f78a9c807c833fe8cd1c"
"0ea7c2fc","0ea7c2fc8846bf51d46698abd9e0d982"
"25f706c5","25f706c5ac4036546b227e0ba27582f3"
"9cb507a7","9cb507a716f53901e853af0dad4da403"
"1ffbf701","1ffbf7013b28c95ae8b8bcafbf9bd4ff"
"106eb46e","106eb46e60761b91bf56eecfcaeabc42"
"23a6e019","23a6e0191efbd3f0a407226dcce45903"
"201cdae7","201cdae75e7dea44d7ef5032d0c5f857"
"f4c93341","f4c933415e81c519bbf386c4ec92f4a4"
"999d201b","999d201b6a1bfe87e0c29c86e0f84a92"
"bf3b6bea","bf3b6beab0cb44e97c3032bbc0204d4b"
"962055c0","962055c00756e16111610868eb24ab4c"
"f20197bd","f20197bd14c94648cdf065c20db8aa90"
"871f6bd5","871f6bd575cf8dda53e39886ed9d7e6e"
"aa6b5dd4","aa6b5dd4b246fd38eca2e52c1ecea559"
"32ba7e46","32ba7e46572a0b78e54d2bc60e71f7bf"
"7df6e5df","7df6e5df678b6d5f160626fe4e59ee68"
"f9e21239","f9e21239e5fe89bed61e522c9abe219d"
"bb0424d6","bb0424d60e43a6e666407d727ee04818"
"59877e3c","59877e3c66c7aafd6a687278fcc6a238"
"45ffb205","45ffb205c7a7390891b3b13bf6d110a6"
"bf60acdb","bf60acdb07ef55c41ca0931e91617174"
"220928b0","220928b0e34558ba8326b711a7f715c5"
"55d6ab16","55d6ab16f17ae6d64f7439906965e9cf"
"227c7ac2","227c7ac2e181334b30893d4e450c4713"
"c556229f","c556229fcad7ee356ffc4ef3b723d82b"
"d9f2d717","d9f2d7174728012766dea4f6803d6969"
"cba66fe7","cba66fe72bfe1d4427f7a7ac88e7c529"
"781d7bfa","781d7bfab073b4b5cc02247be8046134"
"5b90dd43","5b90dd4387437b3a6af879e5af1a0e14"
"fe8b65b7","fe8b65b71a9f020822481d9c4149cf58"
"6ad08c96","6ad08c96b28849bff8a06035a6b60b43"
"41a91b60","41a91b6000082780c8142036bcf747fe"
"7046a1bd","7046a1bd960e42b35fd7827944cbcf2b"
"6775d7f1","6775d7f12fedcd095a447ae6b2bb044d"
"5a6c6a02","5a6c6a02c3e3d4792b1a035c7fe5ee13"
"670d6c8c","670d6c8c133b2859f203e055c444a379"
"af0a551a","af0a551a9636f4e782effef7491f5cf4"
"44cab657","44cab6574d4cb265669f3a4bc654e173"
"a651d73d","a651d73d30cae7ea05177a77b73c36ee"
"73fcf7dd","73fcf7dd8bd1f494bc0729b56f032a4e"
"f0936d87","f0936d874cfe97bffbec631856724fe5"
"906d1344","906d13447b6344c6fd48ad8629fe4aa0"
"b2aece7f","b2aece7fccf7da1f44276092a77a44b7"
"e527691f","e527691f0c368cf3993e54fc2ae19852"
"32397cd5","32397cd54a5dd6b91eea7a0524613ebb"
"0f09720b","0f09720b6c4990e31d8de796236398b7"
"1032f6af","1032f6af644e7b34cc6d34a2bb7b6a76"
"76cf136c","76cf136c43a4e666f6dff81b0283fd4f"
"5ee686f9","5ee686f91cc91a2b0bbca98ee000013d"
"f3f9b6a7","f3f9b6a7d71f4deb7439f921ea0a924c"
"c2c427ae","c2c427aedbfb91d729ae2b2efa9fcf81"
"22b76080","22b7608001279094933ff1d0aa75db17"
"f60f769f","f60f769f81444df3797235686db26f0e"
"5414b7c7","5414b7c7e33e69344c7ad0ff3d96789a"
"c813c9f4","c813c9f4c43bf0e7e287d69546c93029"
"9c2ce4e7","9c2ce4e72aaad6206fedae3cb29831aa"
"a9cfca67","a9cfca67ed35195e0fdf3ca8410623ed"
"eabdb961","eabdb9616e7e3f7c505369f18ef75adf"
"ee9b49c8","ee9b49c8c00138f740476c906d115e14"
"12b0ccbe","12b0ccbea542c8143044c87d72045a4a"
"8144c261","8144c2610203ad29b0e6a872baf814b5"
"912cdb1c","912cdb1ceee82ca9d124f49cf29534ee"
"28ed55b9","28ed55b93e0991a41b744ef754bb2ac8"
"30a14d22","30a14d22f3a8a88b8c41c83dd561d7c3"
"c2c82eac","c2c82eac6ff83031c17027d9f1e90193"
"bfa84b2a","bfa84b2a04366b8bfc333e01b33b3960"
"026d5165","026d51659ce4f7b8a93f8e640a75bd8f"
"dd859219","dd8592196affeaa2a35918763cd0a194"
"32673f2c","32673f2c6b3a50706f02031636ace770"
"2762158e","2762158eeb48b27eec7b038a3a0196c2"
"18c333d1","18c333d1061469ecc1b6e91de0f4c16b"
"711084eb","711084ebe3c6bca4ff68f973af6a7182"
"47b7ac0a","47b7ac0afa375f3967ccaf461bed1ca8"
"d456ef80","d456ef80137b6308548896d3e9d1f007"
"5db6f3a1","5db6f3a17558e5865566a9baf2d79c25"
"7be43177","7be43177b3d7b91fc17c36c572d4540b"
"034b9d5d","034b9d5d20a432129ee2621724d9ea87"
"a392765a","a392765a223be2578afce6dc09a4159d"
"aad95827","aad958279475f588342070293c5ba20b"
"e0e0380f","e0e0380f0d3e4f71b7b9bdf45eb6b651"
"e17dae75","e17dae759d7bdcbf2ff2e2573d0e0e10"
"a4b73fa3","a4b73fa31339cec8786b9ece1c10b9b6"
"8ef6e2d2","8ef6e2d2af87793d90a15e38cacd3d04"
"e017e07c","e017e07cd5f0ad428b75a1f885a6b23c"
"a51f6e4a","a51f6e4a327d1b53c9db915993860fa2"
"2417bd0b","2417bd0b15e6db26eade122803a2ca57"
"354f82a1","354f82a1fbddaa270f2d6716ae7e682b"
"88aee333","88aee3338b5464437610d3f7af436a1e"
"32a34375","32a3437533d8ba07bb9d3bfa2cb63b85"
"c5a59389","c5a5938979f4ba9b4c8c17e7a4665d82"
"5aebdc47","5aebdc479f5b08f1b8456710d0d18b8d"
"930716d2","930716d21e306073a6dbcb9dd2659b12"
"e37443eb","e37443ebeb8acbc013a7ba1165d3be45"
"a50c71b3","a50c71b394e1d6db87dcb1fd9e2d2ad1"
"1fec4c5a","1fec4c5ab68902a12eddf84d282c7cc3"
"8c6dbbff","8c6dbbff0c6d5fae261243a82c69fc5a"
"d0b3eacd","d0b3eacd03b4c3f323612fb8f3449746"
"d898c437","d898c4375f31eb2bf6b916802cdc2881"
"701a604e","701a604e8764f8ec691ce14777d2bdff"
"e0873944","e087394450fd035d3e29b1e94b9d3982"
"617ef8b7","617ef8b743594524c9afa281b00a1013"
"acecbf71","acecbf71a5e294c76d5633e9017e2a90"
"52523241","5252324102f0a8e3af68db12e94723d5"
"c0661918","c06619187cfa09b972604ba3aefb3851"
"6acda56c","6acda56c784f3b1d55e883cf92b2dd56"
"71131513","71131513ce2b6c15318a27a61dce3ae1"
"8473435e","8473435ecf3822000784e8c637a8a862"
"a157959b","a157959baa93549bcb208675312cf5c5"
"101a2ae8","101a2ae8055e93d0fea8806bd1d0ee84"
"ccf3003f","ccf3003f5d7bedfec5d016b6182c8a82"
"8de79d1b","8de79d1be6298d85b35f3833354a9be6"
"4ed0b955","4ed0b955361db8e7af5d596cdd3df794"
"5c1881eb","5c1881eb520a56858aef9dac298e7c56"
"9d6e51bf","9d6e51bfb014d365497048ec1554a3f8"
"3f993de8","3f993de80f558de4fae46c5cfb2365f9"
"876741e4","876741e459841bbe8bdba1282b436a61"
"03849cf3","03849cf332a7e4c98025cced34ca2dfd"
"3be04d30","3be04d30e8e4a9e233b004466696ccd9"
"b76b12fd","b76b12fda238efafff908e5e977e1424"
"ab44689e","ab44689e07e49813b145f0739e714b82"
"f6dd2216","f6dd22163aa3093ae7fc6525c7847ea4"
"67261275","67261275bb7bfa86bb9c590eab087caf"
"16bd149a","16bd149a694968bafcb2722ea01ca2bb"
"d22bf256","d22bf2565cf10a42d688c2c7a5854b8c"
"e6893a68","e6893a6899fa33429842f5d44cbb6463"
"e91d6470","e91d64703bc9ddfd97c3abf8825c4dee"
"88f6568c","88f6568c0f05e3384606dff7636b0b29"
"94f79e13","94f79e13928702afad33726a449ec32c"
"a6d5a48f","a6d5a48fed483cdce186ee4963b03c7a"
"94729ccf","94729ccfcbcee7dbfefcdfce46fc72f5"
"dfc09a97","dfc09a97c398d08dfe03d9c3f96ba282"
"736daa43","736daa43d4453af0d573c6087c7d18a9"
"91e6636e","91e6636e340d4dc6e3813733f60000ca"
"86c94615","86c94615cc181ad0adc41fcafe82fdf5"
"a8105512","a8105512bddb304b792136ab49781d33"
"f22a39c7","f22a39c721de776ca67822541d0b5699"
"784bdf29","784bdf2914cb3d4dd483577e5666868c"
"e936b4c2","e936b4c2c66d3e206b3c86280c363389"
"b8f19859","b8f198592490e6166c002e2f8a22ddb0"
"1a69daaa","1a69daaae1f953c9e43062f1bff05cc3"
"868e4529","868e45293e0bb7db03380c494cd0181a"
"4e7f65fc","4e7f65fcdf1526723350fcde086fc531"
"f99cdc50","f99cdc50f0184b672906db79a0e28034"
"49ce7317","49ce73176dfe16ac9ee47476b0c039b8"
"0f2c5c0f","0f2c5c0f73da3bd983c5ad819fcc2177"
"de7a6aaa","de7a6aaa53ca5d46599b3791c4e1d97e"
"9f347ab2","9f347ab213348ce12119ad9e65180157"
"1b7aecb0","1b7aecb04960553c6b25889f1afc2a94"
"ea47b327","ea47b327b8560306c8b4f37cd7579a5f"
"bc87d946","bc87d94653e82233b5d4c9ee92e9f991"
"628a663e","628a663ef9bb271ad3df0174150016ff"
"f4bd390b","f4bd390bd2f0f65aaf8fb392647c16ea"
"b7962a95","b7962a95d62d75944ce73020edb1cb83"
"6b5c3440","6b5c34404dc2f49087fbe6fa238a5dbc"
"b499e21e","b499e21ee2b65eba1a3ce02cd0c55497"
"3a1d4435","3a1d4435f23379fdfd911c5635d84b63"
"d4ea95f8","d4ea95f81cba6147e9057596597462d4"
"d3e824cb","d3e824cbc64ebd833c010fc77e04752c"
"141b52a5","141b52a563f8ccbcf0e5cef4ed367314"
"64e4d37c","64e4d37cf1079c503326195e30f13348"
"b227d271","b227d271e03a69653b200ecf72884a41"
"6e5a569e","6e5a569ea8f2804c70e301a2bebb07e3"
"ffa112e9","ffa112e9034ad04d674dc75ac976f49c"
"59ec2b76","59ec2b76b1192466e0c929214c009eed"
"d7d72d38","d7d72d38e5ae324d95a7174e43b06e6a"
"ebaa38fb","ebaa38fb45f388333640e2ea0dadae81"
"6d7e6fd4","6d7e6fd4fa5877c64eb8ed75ab2548c9"
"ff59103b","ff59103b2574f8913bd149fa1bf07f05"
"2815c028","2815c02822073e340daa66fd18257d60"
"1b279bff","1b279bffaac9c58afe5244f51d8620fc"
"2b3b5f90","2b3b5f90eea6a6b1d545e516b49c6109"
"5f7d4dbe","5f7d4dbe4dd301f608dd988e9bd2e188"
"584bcc52","584bcc5253b506b3cc769a0abaac8521"
"1230e864","1230e864874d7ef4a6cf8800aa9364bd"
"7d2019ad","7d2019adf5cf2c79ec8a8ac96f3d4d60"
"389dc2e9","389dc2e9360f28bca74ef657b3fe4d75"
"8d47e304","8d47e3048e7a08d0d3678d870a55fee4"
"172eeee3","172eeee3d20df7d460f51fceec6c838d"
"160a2174","160a21745c8e503f6250d6ffa65b6076"
"de63e8ed","de63e8ed85c3b05b160f050fff766134"
"389ceab2","389ceab283e05cb990041273fe5564db"
"6cd21eed","6cd21eedbf4303130ba9fdfb7a3d710f"
"eab27d03","eab27d03bb812713155ad99e45168ed8"
"38556c3d","38556c3d47d212a68f3c7606a32d38cc"
"1212dcfe","1212dcfe71eeb51980f31e680bb518e0"
"958d2282","958d228253d8126558391900a99fbd8d"
"c340f819","c340f81911509bfe1bfe81dbd330eecb"
"6e77d606","6e77d606d93e682641fc9e7ccaff0fd5"
"ff4175aa","ff4175aa85955770c52f8b7ba49f7272"
"321a7297","321a7297299ceac18e0a3681fc515120"
"b0bf7199","b0bf7199c7ed23b4ee6d2bd0b2031603"
"0ef1fcc1","0ef1fcc119db2a96ecc1a5320fb6a50b"
"4b25757a","4b25757a7cbacf89edbaf385a928ee0b"
"6bc8f911","6bc8f911814e1b83b4ccdad1f6170be1"
"23fedbdd","23fedbddc0c097cba044faa64bbac1ad"
"2380c03b","2380c03bb9930f9c9574d0fcc0008127"
"620c768f","620c768f6e6eab73046ffb731379b683"
"1b102150","1b1021500ba7722697ffe3126bf23a7b"
"711d8c0c","711d8c0c46f7c3e7714011f8411d541d"
"f1dac87a","f1dac87a020096818f852f38c2825a9e"
"1298950f","1298950f3246eb9917ca0b326250843c"
"454ebf4a","454ebf4a14c6aa55cb24f9665210c516"
"9541f4c0","9541f4c0dbfc2564882434ac662a2c92"
"77c60290","77c602900975eea627a892c0527481d9"
"052c06ab","052c06ab1856ad99cf3c5a8c05de6633"
"adf63514","adf635142e5c94fbf7d2c4696ac222b8"
"0a849239","0a8492399ca916915c3ab982c64d36db"
"fd4a61d2","fd4a61d208804bf239b5ecc767842f3b"
"00efc527","00efc527b383ff7c5c06acaab879503a"
"a86154c0","a86154c0803e6a27b10a9a47ad36d389"
"1f503ce3","1f503ce38318035e47169e8c3a034f14"
"08969b51","08969b51ebc2c142658d3ff65433496f"
"907e93cf","907e93cf616a05242f0377585254c006"
"4b030e91","4b030e91de23bff11013bc304cd16d6b"
"7a2effd8","7a2effd8ec07b9fa9ecbd9bce31f1ed7"
"c2af61c4","c2af61c47dadbb4a312f212eca7e5859"
"6e52a4d4","6e52a4d4df3fea4a9118f4c9b9f00578"
"d06a49f7","d06a49f72f9be66bc328e29d78b1200c"
"4c1a59ca","4c1a59ca74928e01536f993d795cbad3"
"6ef83382","6ef833827805e04ce0d8e9006a596116"
"4885f672","4885f6724a8d527f821be9e8effc2d0a"
"34d151a9","34d151a98ac4a59663ad24df59ed6ec8"
"9c437f43","9c437f435e1e70d13fc7913ec2f6f621"
"d6485e32","d6485e323176db90495a0dfb2a1be16c"
"03aafada","03aafadaf7d9bc7b3d4edd9ca8e98d3a"
"a57e97f4","a57e97f4949711e08d3fd9a32f41e132"
"6964d079","6964d079bee6ba05bfdd27d4900d0a93"
"a1fd87a5","a1fd87a57daf94130dc8a59ad9b182f7"
"aa0e686f","aa0e686f574ac5d16c5265d8c4a83f8e"
"d06e824b","d06e824b05ed031c2d41197790ec13fb"
"94fa33a3","94fa33a345b9c349e5c65a5f6b199f0d"
"dbdfeac2","dbdfeac289c0e2500a153183a443dec3"
"b6baad7a","b6baad7a6e8d7ac802701fcc2a7c4b3f"
"f7d261c8","f7d261c81269d9cfc3f2d8e16093b9b4"
"2ba73a45","2ba73a45a2975ee08c44e138f311d4e6"
"1bd71f6f","1bd71f6f9af86935a25d37a6258802b3"
"9e067115","9e0671159e48c221a51681ed18b0921b"
"79845474","79845474813adc9fd400f418e16991ba"
"7b37f4ee","7b37f4eeda8ac5464bd06fa1e913d996"
"e420a401","e420a401b7bcf24fb689d1e28d52b0cb"
"30408b32","30408b327a11206baf1604ad7bb1cf8e"
"ac80e31d","ac80e31d6b1f5c63e855125c540da3ad"
"aa5a1415","aa5a14150bba0d20530be94cde9eb6ec"
"19b41399","19b4139958a7a6862bb9dc47460fa416"
"5c4d0775","5c4d0775895e97911d5e19bf186d6627"
"55741c97","55741c970fcfb51a0cef058602ee17cf"
"71b387a4","71b387a4193f580d3e0098c81b630027"
"fa6d674d","fa6d674d63e0b08cb0b46bbba06b57e6"
"7c641315","7c6413153494570a9562dbadf69bcddc"
"c87d4c72","c87d4c728159057c3865fa17f6f16739"
"b16c8097","b16c80975b3fdbaea9ef96038151dd9d"
"df0e1e8e","df0e1e8e9e069b9bbd5d769dbad5da49"
"d9d4c295","d9d4c295cd5580bfb5d11bfdf6e02b29"
"32d7db27","32d7db270bfe85a760eb099307cfd641"
"c3d34cf0","c3d34cf07dbbf886e5cff0d169181b17"
"da95e328","da95e32873bdd106c7cad0cd2c40e61a"
"4dde3810","4dde3810ae515568c258364344561040"
"8426d310","8426d310fba3a3c92e76f7b05e80674c"
"9ddb5b14","9ddb5b145631ead793504770caa3bbe9"
"43fe048a","43fe048aa5a9f6fe44bbd96d75b9fc90"
"34677f47","34677f4736f5c7eb2f520a060446927d"
"b628ef08","b628ef08e2a30105106d475b427a0359"
"a21a469b","a21a469b263804d2e30527be66e2700a"
"6bcbbb65","6bcbbb65c5a66c3adb2dfaaa2b1558b0"
"281970e4","281970e4ccb8658860903c8f0c6f65fe"
"452e969f","452e969f630c545d145f425f750654ff"
"f65e4668","f65e46686966120581374885d7d86491"
"777b8297","777b82979d542b27b1ebdfd47d151af1"
"46b88d26","46b88d269ee4c10bdac5ba0a24189151"
"00e8921f","00e8921f1bdc6ecb1d046192c6c58002"
"6beeff77","6beeff7710cc66ca4f995dc883cf4970"
"54ce805c","54ce805c2d976ecea4f5600f087f456e"
"ea87f8f7","ea87f8f74f1e7c518d83df4459a2ae1d"
"bd5801ff","bd5801ff85f83130c47cfe0d28f9d376"
"377068ea","377068ea94f0c7055abccafe3f14b2a3"
"8739b183","8739b1839961cc3e1dc9a6c13f36a6f5"
"bf942aa0","bf942aa0881c8461192adca6c94541d1"
"902e8a9a","902e8a9a76aa14cfd6e99aa485869904"
"44a51b02","44a51b025dd922ceb38fdf36bcbca149"
"388c20b5","388c20b565090ce8a452939039d63d4d"
"ff146671","ff146671bd1c6fb9359da7280a418186"
"0480e417","0480e417a95b7e012f1d03abf104f6f0"
"4dc352ae","4dc352ae3053799a373c186c7c0d1396"
"1c954ace","1c954acedb0f821b18d76ba85a3094e1"
"c8da6de2","c8da6de2669526339f4ffc4683d0cd62"
"1e87ad18","1e87ad18ef5bac23e3dec70f271cfd3f"
"eae63adb","eae63adb3578b873c4f3836a5d05bacb"
"0d38c63e","0d38c63e24b17941f6757dabee35a87f"
"b88d5b18","b88d5b189b41de055c899e12c043ca5b"
"1c303c49","1c303c49e0e20d7fa2997d8e943bcf99"
"b3f0956a","b3f0956a31fdf9dceac719818aeb3810"
"eaaaa073","eaaaa073f88c54830499b994cdb7f26b"
"8f45f34d","8f45f34d74dd611fbc79aac4dd4795b0"
"1fb04c4b","1fb04c4bbf6108831cf9643d277b1546"
"51d62ef5","51d62ef5e2676e52673ae2861a9dfe53"
"79ce4f34","79ce4f34f469f748fe2bc9ff6eeec8cd"
"a5579af5","a5579af5a46f45cb7f6c6d647f31d843"
"f0b6df95","f0b6df9576c36359144b815e89f3a7ce"
"35595615","355956154a025ef70387654897fb9210"
"42dd9e7d","42dd9e7dd96d463242e9a135a69b9159"
"e11da5d3","e11da5d309dec2f6e69eae741e7696ff"
"f4e50326","f4e5032629d155adb94d3f3ec072695b"
"d3ea623a","d3ea623ac67d76b898ecda816b9f6c4c"
"2e7bea8c","2e7bea8c99f1042a7ad6b095aab50a04"
"81bac3a0","81bac3a07101040cfe6efe551f140120"
"9fd0ca1b","9fd0ca1bda6d65c4c10b7293065161b9"
"7d313fbf","7d313fbf1b5e3c0abe29faad31cf6010"
"fc1db312","fc1db31229fb325208abaa0352bad6f0"
"5ee31212","5ee31212accfeeee10fc53626854e2de"
"5078d61c","5078d61c49f8967775cef7512ec0f7a2"
"28017b85","28017b853495b470b6744a323246aad7"
"1c6e63e7","1c6e63e75dafa53906681a8f287caef4"
"02c0e9c4","02c0e9c4b0dc19450bab261ae8a49f86"
"e290d4c3","e290d4c355616069cf400dc3ec6daa46"
"edf01a84","edf01a8437dec1d2fdc23dbfc8e05611"
"0d8e2901","0d8e29011dc0fe041774718748e64698"
"b0df58f8","b0df58f85827ce9a1f3e606b0e490e9a"
"ae34a847","ae34a8474639cd0cc4974566e4e7f518"
"11ba6057","11ba6057963d285b456ab4f330f04fd3"
"3793d274","3793d2744509a2223dce6d3bb465e3e0"
"feb87eaf","feb87eaf0fad93439c4e1482f6e791db"
"eaee8f2e","eaee8f2e71733e0bc0c2b7e3773e5d68"
"63d76cb8","63d76cb8a18b8510d0bbbb25bb0eb54e"
"cedfffe3","cedfffe308a0c02a9cab087183671a89"
"943e0c25","943e0c257e10e4a6cdd2765a3b3d2993"
"aab5ebc3","aab5ebc3446b5392d406487cfd3b1eb6"
"a7dfb451","a7dfb451a4baa8a6ac75e1509589cfb9"
"39f6ec65","39f6ec65fffe64200fdc6afcc797461b"
"d01d8209","d01d8209a77effcbb95f77edfd49c37b"
"7dc655bb","7dc655bb7eeb2daa1ecbe9184cd83ada"
"8a125895","8a125895e779ba938b87466dc8878858"
"3b66baae","3b66baae6678124a833a61f9a0b731f2"
"1ab9b804","1ab9b804bce0944f57ed1c7b5a601598"
"7b7c37ab","7b7c37ab00d77f9988c4171d6407878c"
"d99b840b","d99b840b87bbf9b0d73fdc690f0e27c2"
"11968b75","11968b75349c4c1c646bce7c11b417cf"
"f29042a9","f29042a968be710184b8032d9a9a4336"
"3ef7e0b3","3ef7e0b3120e9efede3dda8d58fbdc9d"
"e1fa54cf","e1fa54cfd2759113b0be60038a407449"
"b73317a7","b73317a737bc24fa5598b723e95b9074"
"7ad9a0e1","7ad9a0e118f3fdaf00a2c325591b3c66"
"a75ae76b","a75ae76bb3a45cdeb0bdad213bc0cd0c"
"bc79f293","bc79f293162ebe6c231fdc3dd62b0ed8"
"1398c28f","1398c28f76827a51e0bbfb8c6291a6f9"
"ca8d8478","ca8d8478386229652f5a9b52944cd563"
"54967b27","54967b27c2c9247fa805ce4b4233eea9"
"e4d97efd","e4d97efd616b83b61aa7cf6325854c73"
"fee0a4e8","fee0a4e82441b588c45fec2cb5a6fb8f"
"9866ed29","9866ed29d653242d04856607144aa757"
"8f4c1ccc","8f4c1ccc26be7899dd8b2870838dc7b7"
"c8df3d72","c8df3d720fb4b9c734786433aabf0402"
"2d8bd04d","2d8bd04d9df9a8f28f96e5beb3d0cd58"
"d9f3449e","d9f3449e409e5860b1b598349e33ca78"
"1355efaf","1355efaf9f44694df45f985ada4b5032"
"d08d3def","d08d3defc1d7809bbbf951a159ca6ce0"
"19f1bd88","19f1bd8852453fb39c6e397373162240"
"1e918592","1e9185925c410bae6d886f0bab8d8f28"
"2df2a062","2df2a06242b9b3f1083c70747d36aab8"
"7089d14f","7089d14f85a0a4df3e43d4f9736d6038"
"e8743132","e8743132b22f75e1af6743a83dd86b52"
"e7aaff59","e7aaff59d9d9bae1e2303e9a0416e6f4"
"8e3f3571","8e3f35713dac13749afa57941d8f5df7"
"9d667f8c","9d667f8c38cb9e380d81c7d45b34d3a2"
"ea644401","ea64440177cdc2e994e20c2d1f57e9cb"
"847db763","847db76386e2efd2ae4a12f6d17f1008"
"3f5b5cbf","3f5b5cbfbfc6d3e6a302488ff0539895"
"8600ecca","8600ecca44eb6c857566c3945b484d50"
"7bc33cda","7bc33cda577de363fd7b8c26ef062767"
"437cc496","437cc496c23798b4e47bb3209237d85e"
"d3e0fa7c","d3e0fa7cfff554079bc308124743edf9"
"d4110e46","d4110e46c82e927227a1e8316b7cd091"
"196a7b00","196a7b004884fade4ff21fda685a166b"
"3b067a90","3b067a906ed50a358c0f67cc1ba66958"
"22f601a3","22f601a3adc24d198073886a8aeda96a"
"1f37ca62","1f37ca62c106cced40f50ea4525f3aa8"
"844b4cd7","844b4cd731e87dfcc778afa79970fa78"
"4fcacb2a","4fcacb2af7935899901d763bfd2b524a"
"93b843dd","93b843ddd4e91e59c1b323168724d90b"
"e89227aa","e89227aafb5e05c50c53079b5970e2e5"
"f4eae395","f4eae39557efafa5edf40b57719c1c6c"
"02d40b8f","02d40b8f09c8ee2a0a985fdc19bae587"
"a6975415","a6975415c0fce772de698831873faa64"
"2a8e4536","2a8e453609ec9db42f3eb87dc516102f"
"2c318cad","2c318cad7f281d2235c0c1f97c39f3c1"
"24a59e3a","24a59e3a9640f3be622eef10d2e0e308"
"de0aa511","de0aa5112a86bf3ab26c4b9f58c8f0c4"
"ca4e040e","ca4e040e46e7e6ed79ce8b327eb68a97"
"ab61b80e","ab61b80eee78a17d6fdb328a1a21851a"
"afa1478b","afa1478bb642e3eff3281d0610da6817"
"c8c75436","c8c7543651d3eb7c49e61a9112c038bf"
"fc832670","fc8326701a4a759f7c4a365f88d7247e"
"fe138f46","fe138f4646916ce86ea1766294c0556c"
"bffe0a57","bffe0a57e802fabee3e93c6f7f6aae3b"
"fb76e416","fb76e416b163791e1e75db7b87f380ab"
"32d9bcb4","32d9bcb4d88006122b8e0303ebf5df93"
"604b739a","604b739a637659897b62b047e260f8d8"
"8b3ee5c6","8b3ee5c631e9d289a863b0cc5504cac7"
"9a84bf07","9a84bf07df4abc23d7e1ebeeeab98773"
"80cf915e","80cf915eb90ef22b7aeb7c2abb5a5558"
"6533db0c","6533db0cdc1480bbc6e85e77463768dd"
"04a9dfd1","04a9dfd1e316950346085d30caba8356"
"74fcba65","74fcba65d7d6efc33ac684b5f6f84eab"
"4787f958","4787f9588b9f040f03384c8ea3514b9a"
"9ce01e2a","9ce01e2abb568c9e07d82b5e72a9fbe6"
"715fac56","715fac562edc9429b0f083cfb66d6869"
"44c8a405","44c8a4053526311c6e97f27d3430d84b"
"e42fcff8","e42fcff8eeeb9894871ef16f03efd5bb"
"7cd15805","7cd15805657688b467d6d77e0671990f"
"2b079499","2b0794995bd5efd43a6a023872f1e86c"
"54e0772a","54e0772af871aa16091b902eb301a3dc"
"781e60d2","781e60d2e78840ea019bfa5609e162fd"
"bb129641","bb1296413f845403961cc26601fd44ff"
"3e8447f2","3e8447f22865fdf99e9e00bb285995d2"
"9ff8be0b","9ff8be0b33a42177fd96a7f214f95301"
"d6c6b76d","d6c6b76de3ee199059886075db3495de"
"49bf2435","49bf2435fd403e33539d25b5468d151b"
"97a66f75","97a66f75e73b9ebb6ff4543f69487aaa"
"40021ae4","40021ae47f5b8dcd4922b90e5d8c6983"
"10de1974","10de1974871909e09f0c6d24a876f732"
"785fecff","785fecff0ff94410b7ff16f6b6bd741d"
"24682605","24682605ada50072c5c716a401f87cb7"
"c0a00669","c0a006699b7bce3d9e0db6f1b0210131"
"a3292a25","a3292a25f78a0b90bad0d63ad78a0d4b"
"a587e8c2","a587e8c2f6873fffcc71a8bcf36289ea"
"b19ca797","b19ca79701c4207cc4afee52c36d8177"
"d02f8a33","d02f8a33ef5250f4079cfeb000baef5f"
"0e0b5693","0e0b56935c056f86b011e9264e421c17"
"b93fd6e0","b93fd6e0736702da00d6c9ba751e29ed"
"d5c26d30","d5c26d3054b9df31b46998829cce92c3"
"83725793","837257934dc762285bc5d65471eab38f"
"7d311f8d","7d311f8d83c5d8a5ae036a52d058728e"
"c4727f1e","c4727f1e7e6f5169edcbdf5b65d380b7"
"676e4e69","676e4e692177ec9785f1860574f323d1"
"12ff2868","12ff28683c85f636aae0917a02a9d667"
"f295095e","f295095efd99eb8b83f7594a2788adb4"
"98a439c8","98a439c8b8c499301f7205aef269774d"
"34d67918","34d679186452a04b6b975a76e550734d"
"1bfa0e4c","1bfa0e4c9173497a4f4a0b7ea7ab92d3"
"6e5cf841","6e5cf8419bc624e22f9a725835347729"
"d009478f","d009478f254cfccc4c97b26a1ecec529"
"3067db43","3067db43dbf3ceb738df67897318567d"
"8ca0f2a3","8ca0f2a3d90c20b77a6483c4771fd05e"
"57299434","572994341fc9ebd082dd0c3abadebcb0"
"1f644b9e","1f644b9ee281ebc7806aa4fdcbc35b9d"
"0ee20730","0ee20730a309b96558c8f7a5876f9c3b"
"79224d3a","79224d3aefaf0001327533112fcfaa3a"
"12bc1cf4","12bc1cf4fc21456370d17bd1f69a1c44"
"d90d7195","d90d7195c8e2a469f2817e0fb6bc3eb7"
"dfaf7a45","dfaf7a453277f6ee2d0afd3f67d00b1a"
"b9beee9d","b9beee9d6ebf5ff3df813850d9521abb"
"b1128d3f","b1128d3fe0dec841abf5f701e97cb15e"
"2a01dacf","2a01dacf37b01df342ece5b9bcd52765"
"f8c9f9be","f8c9f9be716be257c9a2180ab6695a7c"
"951a52d3","951a52d3f4e1395ad763dda1c9fe58a3"
"64b9d979","64b9d97933c7aefba236a2a2d15ac603"
"4488eabd","4488eabd9c85d4d3ecdae90588e72edb"
"4d2a43d3","4d2a43d3f7998c023a87b4dbd2b0f0fb"
"85cc5d88","85cc5d88046934c7b709c2324ca76835"
"7fab80b5","7fab80b50e479fb09762f39b031b88ef"
"0e69bdc0","0e69bdc0b3cc05d0b9e42f5f54c6e1f3"
"4a7a5808","4a7a58084136920bbf5f98d249493ac5"
"8b15f15c","8b15f15c0d8a2288a43004967ff5e469"
"c0ac0525","c0ac0525e1a3818bdfbdd11941afc8e5"
"06cc90ab","06cc90aba85947434cc1378db5efcc66"
"fe5a79ee","fe5a79ee1b72f993f4b2b66f2b8f6d25"
"023828f6","023828f6b6328dae800827263f2d127e"
"df95d989","df95d989a18802da1a554bdad71cd646"
"2107495c","2107495c3b7de92bf3bccf125c731eef"
"7aa69c05","7aa69c05aa358d14e622a21bd66d40e8"
"8069b627","8069b6275b6681ac3c689f7ee583dc6e"
"4490d79e","4490d79e82d1d8282fe6abb33402c8f3"
"42f790b8","42f790b82b6f83b7a109e370ff83e1eb"
"f29aa7fb","f29aa7fb5ec5f78dbc45ad8340d2ae59"
"e2424946","e2424946d41d1ec2d7d5141a7b2ca9cc"
"42339820","4233982010b32587cf223b83a6d8655c"
"d810797f","d810797f644770705b5dc429519a434a"
"7f22b281","7f22b281d1b1728f401b3aa7c0ffbee0"
"f39ea56d","f39ea56d879f9fad0fb3f0271e018043"
"31653285","31653285fc6489a7e281e2c6b303bc98"
"60575778","60575778c9f44db7579ba15afce461d8"
"91bc2435","91bc2435bd6f3cc42c1e9098c8398080"
"089cb0da","089cb0da3cdd4820db643769634a34d7"
"21af8b34","21af8b34316b7da42a40940252537763"
"f41379b0","f41379b0f575c6b78bce7a818ef2728e"
"4cf93777","4cf9377754e6b5420fb45fcad6265671"
"9fa171d9","9fa171d9471a7f6bec86fbe640b8a552"
"ba12ceb3","ba12ceb33b61146170475f5bb6ff5de4"
"998496a6","998496a6146caed746b26d59577d4fc1"
"630edc9e","630edc9ed0b4aa6f7ed66b75a3dc522e"
"7195c193","7195c1938dd6a8ffc0adfab00d81dc99"
"3ba07327","3ba07327405c79896c22dbd60fa36a4f"
"6d8f274e","6d8f274e552260bcc5ec966113110e27"
"65572edc","65572edc45bff016556c485dc22124a1"
"838a4202","838a420263d392936a70a04aa10064fd"
"4634ae6d","4634ae6dc8b716f64fadffba1d652ffe"
"15acca1a","15acca1a0e97d076fddac058ca582a12"
"6c4d2ff9","6c4d2ff9e909a924bc07b6ab11b0c022"
"68fc30c7","68fc30c7cbf93195186167cb96bac2a2"
"7de37eb0","7de37eb0843f62149d7db16c1bfab78b"
"ad9bbd6a","ad9bbd6acb8a578d254cf98c3443a3e1"
"104fd5dd","104fd5dd880baabaa3ec6753ca5886c5"
"6113bb8e","6113bb8e7ae0cabf283fc98c7e45a9ef"
"8e6e7b2b","8e6e7b2b754c2504d77b0558a500edfe"
"ea915de5","ea915de5132db8294cab281d6d788cec"
"c678c0a5","c678c0a50162633f9eb170699ac2a2f1"
"290fa9c4","290fa9c480a49e2b7a2c44bd3b4381e7"
"09d4a97b","09d4a97b159fb9835fab67f37a6fe325"
"618f4618","618f4618e3be4d6b7e4219872f3e0091"
"c0faee89","c0faee89f75feedb5ec7d90ca5067a1b"
"e2eb7916","e2eb7916df6076e7dd7b1bda7c2fe532"
"0dfd5a89","0dfd5a8964da87fba08c9c113b63c191"
"3bd26886","3bd268864784fa3f6b0ecbe3353a685a"
"d7de4286","d7de428667a419585e9c7457fa7b5e6e"
"e1bf4d7a","e1bf4d7a56ae25bc44af8be25207493d"
"5e8a36a1","5e8a36a1da7345d5e1af39e6c41ba181"
"74a9adfc","74a9adfc4a5ec7b8e390db4a985f9c94"
"024c330b","024c330bd21b95a833f82127a6eb99bc"
"c2af32e7","c2af32e73fe8e7869a3a3e7246276bcd"
"f0736b6c","f0736b6cd4fa77c6aa08799e0263691d"
"7bb10f84","7bb10f842da9db9fb5694414bb6bc6cb"
"c3fb64b7","c3fb64b7010eef625ad7733264690a6e"
"5e6b8b86","5e6b8b8621475c2b6217107f718b5640"
"631ad797","631ad797213723d8f4d620135cff6443"
"abb93e43","abb93e4389110fed6c6a879771caf83c"
"84811233","848112335b834db68646135dd5677f36"
"f432e887","f432e887d523cf80720d7286494ac93e"
"9f05b144","9f05b144e8e761d7b051d9acb15c56de"
"84ce3d78","84ce3d78e70e6ed616dc2bf6576c19a8"
"f3c0530d","f3c0530d0967459784fda9f5cacf9aeb"
"535f38cb","535f38cb26472a8581d8b706ffbc3dab"
"5a242ced","5a242ced341f642c034b6e0af67038cf"
"ef1ce1fc","ef1ce1fcb9c499a9e112cbd436c5f0ec"
"8e1e1ae8","8e1e1ae8c2c0cd011d1702562249b6b1"
"a3ef1138","a3ef113831377dcfdde9902cb9a1bd18"
"79af314b","79af314bcb6991d0d640035ee8d8525b"
"c44b74b8","c44b74b87a9b25aa66c7179d9656830f"
"acfb1015","acfb1015b7e2934055c324443c1387c0"
"a83101f4","a83101f4401d8e4e09dc744193b14c9f"
"6e4e4564","6e4e456407eb2faad795117d8fc21fde"
"58e163e7","58e163e7c00ec997657ecde339a3c155"
"40de9560","40de956029a70a0c287470d933c3706c"
"48aa5428","48aa5428d08b1ecb25828ea8cb96d31c"
"83db280a","83db280a62aa99214107c890116c5193"
"5d31dde1","5d31dde16613c8a3affa1146dae25d05"
"ef98402c","ef98402c1cbfec0969a0ebd6fe91b757"
"67ec8735","67ec87358b99bcd98bc48878062b9c28"
"518c914f","518c914f0ddb9c55848987cb0d755ce1"
"3baee6da","3baee6da660b4554c7b93fd216acd275"
"e3e72a14","e3e72a1456bb08deb4eebac6af35d665"
"2e38f92a","2e38f92a5c986bcb184489549bc650fc"
"b94f8cbd","b94f8cbd5f45566f4810e8feaa46dd80"
"63cc79ea","63cc79eae9cbef04ee458712f5c6e7f8"
"677fad4c","677fad4c97fe5f17d67f170e71bc9024"
"ed939c00","ed939c009d6d9ea6621e9e0c6d653f0a"
"d3b8e621","d3b8e6218d4b8fb523c53c9b2462e0cc"
"da155a8c","da155a8cc00dceb27291246d5587ba68"
"c47f4e4b","c47f4e4b442ec60c27a28dfb24c865f2"
"116702f4","116702f4fc025871f2d4a24c742d27fa"
"5c248653","5c248653bf7004da2ffb5e9c209f104a"
"b3ca804a","b3ca804a23822be47cbe919020b1a41f"
"c9e40ae6","c9e40ae63a413ff4cb852c55215f5395"
"5b7fc534","5b7fc534fd75ddf9b1427809fe669d9e"
"ac8eccc1","ac8eccc1a7d0954217879e3746143fc6"
"d3f025f2","d3f025f24956eaf0e7dd21b0ca316c38"
"f5acadc8","f5acadc834f93d19178cc92798086963"
"c9447eb2","c9447eb2277215b7f6619a7480920df9"
"d779aa1e","d779aa1efaa31a24f047884bffd09d2e"
"686c8b61","686c8b61102cbd407c02442d2c9ab7d0"
"0f934aa2","0f934aa257c34da07d306e56a11d8d88"
"af8fcfc3","af8fcfc3dafc1d329fb0881d766946a1"
"15ecfd6c","15ecfd6c854b3769c51e250fd212a4be"
"1afa628d","1afa628de834c8752bf098223e45a888"
"ee9cd95c","ee9cd95cfde2c56d68668fe544c718fb"
"1d954619","1d95461907580c21ddb5fe9aad958b9c"
"395aeb80","395aeb800ffe707f982bc2b5d4971da3"
"4eca263d","4eca263dc9dfc7af87fba6860fa33b32"
"a378c514","a378c5143b0952276f992e7db0435c52"
"b6a3fc1e","b6a3fc1e50abb54f5251847fc3cea566"
"a66c941b","a66c941b8e35b188e5caafc04c6b6e5f"
"fbc0b420","fbc0b42048fabff47fead01660d2477a"
"073e9b2f","073e9b2f470a9bcb1988d950a363cc45"
